date,ticker,symbol,pcr_oi,pcr_volume,total_ce_oi,total_pe_oi,total_ce_volume,total_pe_volume,max_pain,max_pain_distance_%,put_iv,call_iv,atm_iv,skew,net_oi_change,buildup,side,sector,basis_%,annualised_carry_%,futures_oi,crowding_score
2026-09-09,ADANIENT.NS,ADANIENT,0.7504651957619717,0.358541217091066,26333.0,19762.0,115850.0,41537.0,3000.0,-4.245132460900091,29.89,30.02,29.18,-0.129999999999999,3848.0,short buildup,short,Metals & Mining,0.3260869565217333,5.9510869565216336,56035.0,47.91666666666666
2026-09-09,ADANIPORTS.NS,ADANIPORTS,0.7928140881692471,0.39717081275672683,16922.0,13416.0,43334.0,17211.0,1700.0,-3.5132527385209222,21.31,21.41,20.35,-0.10000000000000142,2421.0,short buildup,long,Services,0.3825729458116853,6.9819562610632575,40101.0,49.99999999999999
2026-09-09,COALINDIA.NS,COALINDIA,0.8640979689366786,0.6293127388619263,30132.0,26037.0,75619.0,47588.0,420.0,-2.822767237390089,21.66,19.39,17.655,2.2699999999999996,7852.0,short buildup,long,Oil Gas & Fuels,0.3805789412985762,6.945565678699016,77318.0,24.999999999999996
2026-09-09,DRREDDY.NS,DRREDDY,0.6046852122986823,0.5643527204502814,13660.0,8260.0,2665.0,1504.0,1180.0,3.381811810057811,20.73,19.34,19.57,1.3900000000000006,268.0,short buildup,short,Healthcare,,,,83.33333333333334
2026-09-09,EICHERMOT.NS,EICHERMOT,0.903779880750506,0.5019600522680605,18281.0,16522.0,5357.0,2689.0,7800.0,1.4304291287386306,20.44,19.94,19.525,0.5,1101.0,long buildup,long,Automobile,,,,33.333333333333336
2026-09-09,GRASIM.NS,GRASIM,0.5223269660133962,0.47795414462081126,8062.0,4211.0,1701.0,813.0,3280.0,-0.46127700898275226,20.68,17.46,16.975,3.219999999999999,34.0,long buildup,short,Construction Materials,,,,100.0
2026-09-09,HEROMOTOCO.NS,HEROMOTOCO,0.4798713235294117,0.7313156870377578,21760.0,10442.0,10276.0,7515.0,5400.0,3.240607972469167,25.26,22.57,22.4,2.6900000000000013,1305.0,long buildup,long,Automobile,,,,83.33333333333333
2026-09-09,HINDUNILVR.NS,HINDUNILVR,0.5766566426807003,0.43614475306403655,37244.0,21477.0,13789.0,6014.0,2000.0,2.2181334968823574,18.15,18.14,16.165,0.00999999999999801,788.0,short buildup,short,FMCG,,,,91.66666666666666
2026-09-09,ICICIBANK.NS,ICICIBANK,0.6370981038746909,0.8061434148346004,42455.0,27048.0,29202.0,23541.0,1420.0,2.3718549491745344,18.3,16.58,16.25,1.7200000000000024,3037.0,long buildup,long,Financial Services,0.5759539236861051,10.511159107271418,135779.0,88.88888888888887
2026-09-09,JSWSTEEL.NS,JSWSTEEL,0.654159606229323,0.4692828778322822,12393.0,8107.0,4281.0,2009.0,1300.0,-0.29910269192423566,19.8,21.44,20.15,-1.6400000000000006,-4.0,short covering,long,Metals & Mining,,,,50.0
2026-09-09,KOTAKBANK.NS,KOTAKBANK,0.6151205773631403,0.8601899549259497,34086.0,20967.0,12424.0,10687.0,420.0,1.3880506940253445,19.13,16.84,16.45,2.289999999999999,-1149.0,short covering,long,Financial Services,,,,75.0
2026-09-09,TATACONSUM.NS,TATACONSUM,0.6930528375733855,0.5485636114911081,10220.0,7083.0,1462.0,802.0,1040.0,3.44141635170081,20.55,20.07,19.325,0.4800000000000004,142.0,short buildup,short,FMCG,,,,25.0
2026-09-09,TITAN.NS,TITAN,0.6829390203265578,0.8337908659845271,18006.0,12297.0,4007.0,3341.0,5000.0,0.3411599438089441,24.56,17.18,16.955,7.379999999999999,485.0,long buildup,long,Consumer Durables,,,,33.33333333333333
2026-09-09,TMPV.NS,TMPV,0.6516902142266082,0.4334349593495935,32629.0,21264.0,9840.0,4265.0,320.0,5.890138980807413,25.48,24.84,24.275,0.6400000000000006,11.0,short buildup,short,Automobile,,,,58.333333333333336
2026-09-09,WIPRO.NS,WIPRO,0.661177740927847,0.5707202864619199,25931.0,17145.0,14522.0,8288.0,177.5,5.617041532785905,28.83,24.32,24.244999999999997,4.509999999999998,2908.0,short buildup,short,Information Technology,,,,41.66666666666667
