,lot,source,fno_eligible,price,lot_notional,pct_of_default_capital
ADANIENT.NS,309,live,True,3116.300048828125,962936.7150878906,9.629367150878906
ADANIPORTS.NS,475,live,True,1754.9000244140625,833577.5115966797,8.335775115966797
APOLLOHOSP.NS,125,live,True,8901.0,1112625.0,11.12625
ASIANPAINT.NS,250,live,True,2468.800048828125,617200.0122070312,6.172000122070313
AXISBANK.NS,625,live,True,1248.0999755859375,780062.4847412109,7.800624847412109
BAJAJ-AUTO.NS,75,live,True,11858.0,889350.0,8.8935
BAJFINANCE.NS,750,live,True,1048.699951171875,786524.9633789062,7.8652496337890625
BAJAJFINSV.NS,300,live,True,1937.4000244140625,581220.0073242188,5.812200073242187
BEL.NS,1425,live,True,407.9500122070313,581328.7673950196,5.813287673950197
BHARTIARTL.NS,475,live,True,1824.5,866637.5,8.666375
CIPLA.NS,425,live,True,1375.0,584375.0,5.84375
COALINDIA.NS,1350,live,True,434.0,585900.0,5.859
DRREDDY.NS,625,live,True,1141.5,713437.5,7.1343749999999995
EICHERMOT.NS,100,live,True,7694.0,769400.0,7.693999999999999
ETERNAL.NS,2425,live,True,320.6000061035156,777455.0148010254,7.7745501480102535
GRASIM.NS,250,live,True,3306.10009765625,826525.0244140625,8.265250244140624
HCLTECH.NS,400,live,True,1243.300048828125,497320.01953125,4.9732001953125
HDFCBANK.NS,650,live,True,694.5499877929688,451457.4920654297,4.514574920654297
HDFCLIFE.NS,1100,live,True,516.9000244140625,568590.0268554688,5.685900268554687
HEROMOTOCO.NS,150,live,True,5231.5,784725.0,7.84725
HINDALCO.NS,700,live,True,1018.5,712950.0,7.1295
HINDUNILVR.NS,300,live,True,1955.0,586500.0,5.865
ICICIBANK.NS,700,live,True,1391.199951171875,973839.9658203125,9.738399658203125
INDUSINDBK.NS,700,live,True,1002.4000244140624,701680.0170898436,7.016800170898437
INFY.NS,400,live,True,1043.0999755859375,417239.990234375,4.17239990234375
ITC.NS,1725,live,True,262.5,452812.5,4.528125
JIOFIN.NS,2350,live,True,232.0500030517578,545317.5071716309,5.453175071716308
JSWSTEEL.NS,675,live,True,1304.5,880537.5,8.805375
KOTAKBANK.NS,2000,live,True,414.8500061035156,829700.0122070312,8.297000122070312
LT.NS,175,live,True,3997.0,699475.0,6.99475
M&M.NS,200,live,True,3132.699951171875,626539.990234375,6.26539990234375
MARUTI.NS,50,live,True,12603.0,630150.0,6.3015
NESTLEIND.NS,500,live,True,1394.800048828125,697400.0244140625,6.974000244140625
NTPC.NS,1500,live,True,335.6000061035156,503400.00915527344,5.034000091552734
ONGC.NS,2250,live,True,237.1100006103516,533497.5013732911,5.334975013732912
POWERGRID.NS,1900,live,True,267.6000061035156,508440.0115966797,5.084400115966797
RELIANCE.NS,500,live,True,1288.4000244140625,644200.0122070312,6.442000122070313
SBILIFE.NS,375,live,True,1687.699951171875,632887.4816894531,6.328874816894531
SBIN.NS,750,live,True,1008.2999877929688,756224.9908447266,7.562249908447266
SHRIRAMFIN.NS,825,live,True,1029.199951171875,849089.9597167969,8.490899597167969
SUNPHARMA.NS,350,live,True,1874.0999755859373,655934.991455078,6.55934991455078
TCS.NS,225,live,True,2208.800048828125,496980.0109863281,4.969800109863281
TATACONSUM.NS,550,live,True,1007.5999755859376,554179.9865722657,5.541799865722657
TMPV.NS,1600,live,True,302.6000061035156,484160.009765625,4.84160009765625
TATASTEEL.NS,2750,live,True,186.97000122070312,514167.5033569336,5.141675033569336
TECHM.NS,600,live,True,1510.5,906300.0,9.063
TITAN.NS,175,live,True,4991.0,873425.0,8.734250000000001
TRENT.NS,225,live,True,2818.10009765625,634072.5219726562,6.340725219726563
ULTRACEMCO.NS,50,live,True,10993.0,549650.0,5.4965
WIPRO.NS,3000,live,True,168.2100067138672,504630.02014160156,5.046300201416016
