ticker,fund_score,tech_score,fund_pct,tech_pct,composite,sector,fund_coverage_%,tech_coverage_%,rank,ROE_%,ROCE_%,op_margin_%,net_margin_%,revenue_cagr_%,earnings_cagr_%,rev_yoy_q_%,earn_yoy_q_%,debt_to_equity,interest_coverage,fcf_margin_%,cash_conversion,PE,PB,EV_EBITDA,PEG,div_yield_%,market_cap,last_close,RSI14,ATR14_%,px_vs_DMA20_%,px_vs_DMA50_%,px_vs_DMA200_%,n_dma_above,pos_52w_%,ret_3m_%,ret_6m_%,ret_12m_%,rs_63d_pp,rs_126d_pp,vol_ann_%,dd_from_high_%,statement_asof,data_flags,PE_vs_sector_%,PB_vs_sector_%,EV_EBITDA_vs_sector_%
BAJAJ-AUTO.NS,6.5173,16.8582,82.0,96.0,89.0,Automobile,100.0,100.0,1,29.0303,32.6036,25.0373,17.7924,19.4942,21.0307,65.0265,45.9271,0.583,12.9489,3.1038,0.2417,28.1613,8.528,22.2541,1.3390573903419785,1.7679,3311604209914.0,11858.0,54.7539,1.7963,0.1317,5.2036,17.9473,3,86.531,16.8967,27.1295,26.3775,15.6149,24.5313,23.0057,-6.3822,2026-03-31,,20.5201,92.0026,60.6907
KOTAKBANK.NS,5.6356,10.0931,80.0,88.0,84.0,Financial Services,76.0,100.0,2,11.3889,,34.761,25.4496,13.4831,9.0226,11.4199,11.1033,,,53.6606,2.1634,20.3265,2.2769,,2.252828305721527,0.1205,4126291045215.9043,414.8500061035156,56.8161,1.7221,1.6422,4.8668,3.5737,3,66.9974,6.8926,8.2594,5.8075,5.4975,6.8085,22.2013,-8.575,2026-03-31,,-20.0686,-9.2975,
COALINDIA.NS,7.0122,7.7216,86.0,78.0,82.0,Oil Gas & Fuels,100.0,100.0,3,28.1623,20.8812,25.7069,18.6845,9.3058,-0.707,5.2165,-9.2244,0.1182,49.8802,18.4566,1.3898,7.5033,2.2457,5.1562,,6.0559,2674624093918.0,434.0,69.3909,1.8798,6.0379,3.8692,0.7772,3,57.3029,-3.7694,-2.8539,11.8701,-4.3628,2.2641,17.8833,-19.6891,2026-03-31,,0.0,16.4395,0.0
ADANIPORTS.NS,5.4898,9.828,78.0,86.0,82.0,Services,100.0,100.0,4,16.1531,12.8663,48.0175,33.0604,22.9293,34.1138,27.4769,20.1107,0.6579,4.9582,13.0007,1.5896,30.3601,4.2062,19.1728,0.8899645294700982,0.3797,4043217877329.201,1754.9000244140625,58.1906,2.153,3.9814,0.7053,8.9692,3,77.8641,-3.6405,24.3904,27.0838,-5.0355,22.0027,25.3952,-6.8129,2026-03-31,,0.0,0.0,0.0
ICICIBANK.NS,6.7589,5.8402,84.0,72.0,78.0,Financial Services,76.0,100.0,5,16.0149,,38.51,24.2641,18.1134,16.7808,7.7277,13.8849,,,28.4662,1.242,17.7592,2.7437,,1.0583032375262833,0.7884,9961148256377.928,1391.199951171875,40.1067,1.5277,-2.0568,-2.401,2.5853,1,72.0451,7.5698,7.4618,-0.8905,4.0055,9.6521,16.1686,-6.5431,2026-03-31,,-30.1643,9.2975,
JSWSTEEL.NS,4.8792,8.935,74.0,82.0,78.0,Metals & Mining,100.0,100.0,6,24.8578,20.2064,20.6277,12.259,3.6139,75.2799,5.2344,209.4478,1.1902,4.5241,5.767,1.1271,12.5634,3.1824,8.4461,0.1668886053433588,0.2151,3184058784974.0,1304.5,51.5059,1.888,-0.0165,2.1201,6.2092,2,86.0527,2.7327,10.6634,18.1077,0.1027,9.4674,18.3393,-2.7218,2026-03-31,,-28.0416,16.4689,-11.9119
TITAN.NS,2.4131,16.9417,56.0,98.0,77.0,Consumer Durables,100.0,100.0,7,37.1281,73.823,9.1415,5.8107,29.2362,16.0007,49.579,104.0184,1.95,6.7636,5.3697,1.1019,77.2508,28.1936,53.6231,4.827972106300644,0.2205,4427242892660.0,4991.0,49.1291,1.596,-1.5871,2.6144,15.2178,2,90.3252,23.4754,20.5468,37.4893,22.0804,21.6979,18.2971,-3.4473,2026-03-31,,21.7305,43.5971,24.8142
EICHERMOT.NS,7.3814,5.1855,88.0,64.0,76.0,Automobile,100.0,100.0,8,23.7743,29.1077,31.22,24.0027,17.4675,23.6975,31.2018,21.348,0.0205,100.2879,15.361,0.8712,36.5624,8.4086,26.3711,1.5428796608353366,0.9097,2110573485576.0,7694.0,39.3589,1.9055,-3.3854,-0.7195,4.141,1,69.183,6.5725,6.0729,11.9209,5.54,4.7318,21.5752,-6.0562,2026-03-31,,56.4736,89.3139,90.4182
HEROMOTOCO.NS,9.9825,-0.561,98.0,50.0,74.0,Automobile,100.0,100.0,9,28.0884,35.7511,15.9705,12.2039,11.7231,26.8959,34.9372,-17.1777,0.036,95.9991,15.3343,1.4481,19.211,4.8436,12.5189,0.7142732815245386,3.3506,1046769668375.5,5231.5,37.869,2.354,-5.8393,-2.0094,-3.0334,0,28.9524,7.7172,-6.1614,-3.5401,6.5452,-1.369,24.1627,-17.6207,2026-03-31,,-17.784,9.0513,-9.6044
BAJFINANCE.NS,2.5879,9.0386,60.0,84.0,72.0,Financial Services,76.0,100.0,10,18.0523,,61.552,38.291,22.5767,18.2282,21.2008,27.367,,,-134.4011,-3.4595,32.116,5.7199,,1.761890915879943,0.5332,6520686609955.957,1048.699951171875,41.8229,1.9175,-2.3693,-1.7127,7.2968,1,69.1812,18.6178,17.3502,10.5757,18.8355,14.0948,28.6857,-9.5012,2026-03-31,,26.2923,127.862,
SHRIRAMFIN.NS,4.3571,5.5642,72.0,68.0,70.0,Financial Services,76.0,100.0,11,16.3809,,68.519,40.0418,13.9246,18.5858,30.6062,61.0607,,,-53.8369,-1.3249,17.3479,2.9377,,0.9333952035782788,0.7566,1936506987959.8909,1029.199951171875,36.931,2.6659,-5.6135,-4.0606,3.2726,1,79.5238,14.6933,-0.2423,72.9748,14.5012,5.8824,29.0278,-9.7984,2026-03-31,,-31.7814,17.0283,
NESTLEIND.NS,4.9382,2.1171,76.0,62.0,69.0,FMCG,100.0,100.0,12,99.1622,79.4478,23.3493,15.976,17.0079,23.0508,33.6223,39.341,0.291,37.858,4.6116,0.9149,77.3504,67.0691,50.1368,3.355650631191539,0.9141,2689612907691.9727,1394.800048828125,35.0165,2.1427,-3.8881,-4.8601,2.8893,1,62.529,-3.0244,13.0583,16.0206,-3.5758,15.0987,21.1613,-9.4286,2026-03-31,,64.0785,858.0501,58.8036
ETERNAL.NS,-1.0348,18.8478,36.0,100.0,68.0,Consumer Services,81.0,100.0,13,1.1942,3.0854,1.845,0.6732,97.7041,,246.4941,135.8974,0.1482,2.5851,-2.0583,1.7268,,9.5144,114.752,,,2947561888702.4644,320.6000061035156,53.6233,2.2814,-0.9722,4.4728,17.0967,2,75.6616,33.6947,43.2529,-1.5659,32.2997,38.4603,28.0725,-9.5245,2026-03-31,PE=750.0 out of bounds,,-38.6734,47.8277
JIOFIN.NS,9.4714,-5.0471,94.0,26.0,60.0,Financial Services,60.0,100.0,14,1.2131,,83.4063,49.0031,,268.2774,469.4419,162.6459,,,,-9.8909,86.9193,1.1014,,0.3239903527062044,0.2155,1474246533005.3997,232.0500030517578,36.0306,2.0736,-4.2481,-4.6736,-8.9047,0,8.5255,0.8168,-2.7859,-24.6469,-0.5782,0.4093,27.4289,-40.1856,2026-03-31,revenue_cagr_%=431.7 out of bounds; fcf_margin_%=-488.0 out of bounds,241.7993,-56.1247,
SUNPHARMA.NS,1.8027,5.2101,52.0,66.0,59.0,Healthcare,100.0,100.0,15,14.7372,19.8633,26.5506,19.7173,10.3907,10.6499,18.4773,34.6489,0.0554,45.6103,15.1319,1.0819,39.9475,5.3806,24.1642,3.750975434935843,0.8749,4496593608699.486,1874.0999755859375,39.7907,1.7188,-1.8945,-2.9372,3.8065,1,69.3533,4.9093,2.6398,17.742,2.8247,7.8799,15.9654,-6.3465,2026-03-31,,8.8021,25.0376,16.2388
TCS.NS,10.5076,-7.636,100.0,16.0,58.0,Information Technology,100.0,100.0,16,48.7237,60.6014,24.9846,18.4293,5.8018,5.3001,12.0908,9.2032,0.1052,54.3716,17.9566,1.0586,15.83,7.4521,11.1249,2.9867257864879857,4.9348,7991631886422.83,2208.800048828125,38.8415,2.6164,-4.2433,-3.2713,-14.5081,0,16.8517,2.5489,-10.3899,-27.5661,1.799,-9.9092,32.7214,-51.4949,2026-03-31,,0.0,64.9815,0.0
BHARTIARTL.NS,4.1021,-0.9676,70.0,44.0,57.0,Telecom,100.0,100.0,17,20.3215,17.5652,29.8689,12.6534,14.8823,47.3398,22.2718,-25.8978,1.311,3.5317,35.7939,4.5787,39.5938,7.4565,11.174,0.8363752172060498,1.0192,11114339976317.0,1824.5,38.2663,1.8619,-3.9044,-4.8935,-5.4444,0,16.679,2.7772,0.9685,-3.6542,0.7219,1.2537,20.8745,-15.6379,2026-03-31,,0.0,0.0,0.0
APOLLOHOSP.NS,-3.1096,13.0078,20.0,90.0,55.0,Healthcare,100.0,100.0,18,21.9495,20.1862,12.1113,7.7947,14.8467,33.3363,25.9522,49.0503,0.8958,8.4723,3.5876,1.4707,62.5802,13.5001,34.8472,1.8772382482206953,0.2247,1279827231957.0,8901.0,55.1522,1.77,1.5516,0.8357,12.5835,3,93.3969,4.8595,15.8381,13.7435,3.1462,19.9568,17.1147,-1.6464,2026-03-31,,70.4451,213.723,67.6281
SBIN.NS,2.72,-0.7265,62.0,46.0,54.0,Financial Services,76.0,100.0,19,15.3806,,35.717,21.8226,12.187,14.3921,-3.4746,23.0226,,,7.7898,0.4574,10.7879,1.5613,,0.7495749970731269,1.5246,9307231599285.363,1008.2999877929688,37.2957,1.7372,-3.1282,-3.0829,-3.1409,0,47.6071,0.5034,-7.5887,24.6585,-0.8691,-8.0562,18.108,-17.8775,2026-03-31,,-57.5778,-37.8046,
AXISBANK.NS,2.304,-0.2523,54.0,54.0,54.0,Financial Services,76.0,100.0,20,13.118,,49.182,29.9599,12.1605,34.6056,5.3156,2.1027,,,-12.3164,-0.3273,13.6167,1.804,,0.39348296064745814,0.0799,3879310193604.6787,1248.0999755859375,47.6861,1.8573,-0.0048,-1.476,-3.1454,0,55.8438,-5.0514,-0.6132,18.6181,-6.4464,-2.5317,22.2286,-11.0406,2026-03-31,,-46.4539,-28.1339,
HDFCBANK.NS,9.9677,-9.1261,96.0,10.0,53.0,Financial Services,64.0,100.0,21,8.8965,,33.292,36.5999,16.9014,12.4661,,,,,55.3458,1.5871,15.1695,1.309,,1.21686466261043,2.049,10691389074341.084,694.5499877929688,31.8871,1.6651,-3.1277,-7.4202,-16.7347,0,0.0,-7.0027,-16.7156,-28.0371,-8.3503,-15.2318,20.2593,-31.4296,2026-03-31,,-40.3477,-47.8529,
ITC.NS,7.8358,-8.4106,90.0,14.0,52.0,FMCG,100.0,100.0,22,29.0302,37.8679,35.9511,26.4526,3.6465,2.5366,-4.6056,-10.8911,0.0331,330.1463,20.8167,0.8924,16.48,4.5361,11.085,6.49685047297171,5.5553,3288985410637.5,262.5,38.2445,1.7914,-2.0376,-5.2839,-16.0618,0,4.2143,-7.4564,-15.0485,-35.9834,-8.6753,-11.512,18.1996,-47.8509,2026-03-31,,-65.0421,-35.2044,-64.8894
BAJAJFINSV.NS,-2.9106,6.6252,26.0,76.0,51.0,Financial Services,76.0,100.0,23,13.041,,40.1866,7.1463,22.9194,15.1612,21.9258,12.3089,,,-41.3785,-5.6424,30.5334,3.9753,,2.0139197634902977,0.5965,3097386066194.7764,1937.4000244140625,40.3033,1.7833,-2.8821,-1.1073,1.8512,1,56.094,16.4163,7.9151,-4.3401,16.1394,7.3938,24.4775,-10.9896,2026-03-31,,20.0686,58.3629,
HCLTECH.NS,4.0204,-3.368,68.0,32.0,50.0,Information Technology,100.0,100.0,24,22.983,29.0496,17.6504,12.7874,8.6548,3.8684,14.3259,7.3601,0.0694,26.4338,14.2557,1.2003,19.7527,4.4756,12.2012,5.106217419850845,4.3453,3364079887633.7153,1243.300048828125,37.8779,2.7022,-5.2496,-2.7444,-9.7937,0,30.069,9.8225,-7.9242,-12.8793,10.3603,-4.63,31.3818,-37.6823,2026-03-31,,24.7798,-0.9152,9.675
BEL.NS,-0.079,1.7188,42.0,58.0,50.0,Capital Goods,100.0,100.0,25,27.5782,34.4055,30.0766,22.6224,15.4715,26.6442,-39.3746,-50.4316,0.0027,1239.9169,2.0749,0.2543,51.1622,12.4312,34.4023,1.9201995609636997,0.6985,2982024362521.2485,407.95001220703125,50.1434,1.6985,-0.4788,0.3093,-2.6357,1,37.3057,-0.098,-10.163,9.6787,-0.2241,-9.1864,19.8582,-12.9149,2026-03-31,,0.0,0.0,0.0
ADANIENT.NS,-12.3247,15.8085,4.0,94.0,49.0,Metals & Mining,100.0,100.0,26,14.067,11.6507,19.8645,9.2062,-7.6703,55.3101,22.095,-130.1757,1.3175,3.1156,-30.9296,0.2553,78.506,4.9779,19.3143,1.4193783768328039,0.0372,4028386276100.0586,3116.300048828125,58.7701,2.6912,3.78,1.8989,23.5873,3,93.4081,6.3184,57.8113,34.8114,4.9234,54.1172,32.7656,-14.5107,2026-03-31,,349.6543,82.1807,101.4385
HINDALCO.NS,-2.8839,5.6961,28.0,70.0,49.0,Metals & Mining,100.0,100.0,27,10.2892,11.4474,7.9936,4.9116,7.0996,9.8686,32.0603,75.1499,0.726,6.6082,-7.2791,0.7654,13.786,1.6553,10.1522,1.396957448586171,0.491,2260904063943.0,1018.5,49.4168,2.1413,-1.4063,1.979,5.1389,2,68.074,-2.0014,6.1933,37.0979,-3.3964,11.6096,23.7982,-11.4117,2026-03-31,,-21.0387,-39.4179,5.8825
INFY.NS,8.0747,-13.7262,92.0,4.0,48.0,Information Technology,100.0,100.0,28,31.5659,39.8809,22.5866,16.4352,3.4419,3.5825,2.8537,1.2361,0.0988,96.8723,18.5187,1.2191,13.3473,4.5337,8.4217,3.725678400171477,4.8077,4221363862194.934,1043.0999755859375,32.8606,2.7948,-7.3681,-6.3651,-19.7396,0,8.2044,-8.9234,-18.2716,-30.6588,-8.0434,-16.5481,34.662,-47.8372,2026-03-31,market cap converted to statement currency [USD/INR=95.15],-15.6835,0.3706,-24.2991
TECHM.NS,-0.5772,0.1045,40.0,56.0,48.0,Information Technology,100.0,100.0,29,16.8872,21.306,12.1631,8.4676,2.1581,-0.1409,17.3932,25.5764,0.0738,20.4816,9.6388,1.2829,26.325,4.5169,14.8896,,3.0093,1337707293541.5,1510.5,33.8331,2.5861,-5.6053,-3.7077,-0.444,0,40.9434,2.1367,13.1969,0.821,0.7417,18.2451,27.046,-15.9152,2026-03-31,,66.2982,0.0,33.8403
GRASIM.NS,-12.7568,14.1243,2.0,92.0,47.0,Construction Materials,100.0,100.0,30,4.9423,4.3104,10.296,2.8555,14.3018,-10.0639,10.0502,43.4528,2.202,5.214,-19.2244,-3.586,34.1784,2.1672,17.5279,,0.7453,2242371506153.321,3306.10009765625,54.5296,2.0291,0.3948,2.7184,12.285,3,91.2409,7.6485,20.8547,18.2482,6.2535,26.3196,21.721,-2.2009,2026-03-31,,0.378,-32.1439,-6.4623
TRENT.NS,2.8947,-3.6465,64.0,30.0,47.0,Consumer Services,100.0,100.0,31,27.6328,32.6605,12.1149,8.6632,34.7532,56.969,17.8404,20.7871,0.3667,14.2847,4.558,1.5513,83.0693,21.5142,40.499,1.4581504682756594,0.1181,1502698871430.4585,2818.10009765625,38.027,2.039,-2.6644,-4.575,-4.8772,0,20.5508,2.3015,16.5339,-45.9979,2.3259,17.2762,35.7648,-65.7788,2026-03-31,,0.0,38.6734,-47.8277
INDUSINDBK.NS,-10.4435,7.8262,6.0,80.0,43.0,Financial Services,76.0,100.0,32,1.3622,,27.308,3.5392,-0.4463,-50.7473,72.2378,-144.5302,,,1.1978,1.1164,33.0464,1.188,,,1.6452,780975965641.9448,1002.4000244140625,49.1062,1.9949,-0.5264,-0.7173,9.339,1,81.2368,13.4001,14.2792,34.343,12.0051,11.9117,26.1089,-40.646,2026-03-31,,29.9509,-52.6751,
CIPLA.NS,-1.3107,-0.4019,34.0,52.0,43.0,Healthcare,100.0,100.0,33,11.8223,16.0103,19.024,13.9985,7.2341,11.4544,7.2646,-35.4212,0.0178,109.3067,3.1059,1.0157,33.484,3.2258,17.4126,2.9232501688707546,1.1636,1110701117625.0,1375.0,33.7586,1.6166,-3.2249,-4.2483,-1.1102,0,38.7521,-0.1452,3.4223,-11.3818,-1.5403,8.6188,17.337,-18.1791,2026-03-31,,-8.8021,-25.0376,-16.2388
MARUTI.NS,3.0445,-7.5323,66.0,18.0,42.0,Automobile,100.0,100.0,34,14.4344,18.7083,10.9305,8.2891,15.8952,21.1097,28.2433,-11.8688,0.001,81.0943,4.9139,1.3011,26.814,3.6978,15.1792,1.2702232608669322,1.0712,3962415640122.0,12603.0,26.715,1.8586,-5.5208,-7.923,-11.4719,0,5.9567,-3.5952,-6.6237,-17.9759,-5.4078,-7.2609,24.0648,-27.1166,2026-03-31,,14.7541,-16.7469,9.6044
ONGC.NS,0.3845,-2.2462,44.0,38.0,41.0,Oil Gas & Fuels,100.0,100.0,35,11.5839,12.9189,12.9438,6.8439,-1.3,4.1102,25.6771,21.3672,0.4688,7.3064,9.7028,2.7211,6.8542,0.8024,4.0768,1.667625429597434,5.6925,2982910010213.053,237.11000061035156,49.5685,1.5617,0.5255,-1.4101,-7.9492,1,8.2489,-5.8714,-12.4247,2.4986,-7.7608,-11.2706,16.7146,-30.6189,2026-03-31,,-8.6509,-58.3971,-20.9335
M&M.NS,0.6317,-2.4286,46.0,36.0,41.0,Automobile,100.0,100.0,36,20.1003,19.0283,17.8866,8.855,17.4973,18.4778,35.1005,65.5314,1.439,3.6924,1.0626,0.6818,19.919,4.0396,12.2669,1.0779990342148653,0.75,3760721044350.7646,3132.699951171875,31.8106,2.1052,-5.5611,-4.466,-5.7171,0,23.1378,6.1033,-1.1205,-15.2477,2.7635,-2.2669,24.0312,-17.6126,2026-03-31,,-14.7541,-9.0513,-11.4246
LT.NS,-5.7754,6.4921,8.0,74.0,41.0,Construction,100.0,100.0,37,15.5442,17.8425,10.1408,5.6589,16.0914,15.3823,-8.671,-25.0017,1.1483,10.1242,4.198,1.0408,33.7724,5.031,19.8974,2.195541303207921,0.8505,5498401863430.0,3997.0,48.5626,1.384,-0.9431,0.6552,0.3361,2,60.8534,2.0294,4.1211,13.3901,1.867,4.9236,16.6443,-9.5312,2026-03-31,,0.0,0.0,0.0
POWERGRID.NS,-0.7276,-2.1083,38.0,40.0,39.0,Power,100.0,100.0,38,16.4922,11.8598,59.9616,35.5809,0.5726,1.0868,-6.343,-13.1419,1.5081,2.8192,8.1569,2.5697,15.594,2.4766,9.9344,14.34903767439777,3.3632,2488841638730.781,267.6000061035156,45.2338,1.7042,0.3121,-3.2692,-5.9992,1,20.2693,-6.8245,-10.4418,-5.7249,-8.2195,-5.6814,16.7048,-26.7752,2026-03-31,,15.8113,21.4536,1.2341
TATASTEEL.NS,-3.7737,2.0455,14.0,60.0,37.0,Metals & Mining,100.0,100.0,39,11.1658,11.9622,10.0462,4.687,-1.5899,7.2057,14.5376,11.5836,0.9042,3.2281,8.904,3.2486,21.1324,2.2824,9.0242,2.932744445216409,1.9254,2331861363053.0933,186.97000122070312,51.5265,2.2982,0.877,0.1054,-3.1722,2,43.4998,-6.1914,-3.9899,10.535,-7.1802,-2.061,17.7617,-15.4479,2026-03-31,,21.0387,-16.4689,-5.8825
RELIANCE.NS,-2.9129,-0.6365,24.0,48.0,36.0,Oil Gas & Fuels,100.0,100.0,40,9.2461,9.6671,13.925,7.6403,6.3941,6.5891,18.3941,7.9301,0.4403,6.1198,6.5452,2.3784,20.8665,1.9286,9.7811,3.166836373881925,0.4269,17435238072028.232,1288.4000244140625,44.7736,1.6527,-1.331,-1.1134,-7.018,0,8.8756,2.3514,-7.3227,-6.3799,0.3825,-4.5573,18.1662,-19.5203,2026-03-31,,178.0966,0.0,89.6964
HINDUNILVR.NS,2.552,-8.6255,58.0,12.0,35.0,FMCG,100.0,100.0,41,30.6501,22.1296,22.3045,23.5873,2.3053,14.1184,14.6747,8.4821,0.0303,34.6878,15.1153,0.7313,30.5659,9.4248,29.2656,2.164968583515275,2.204,4593450917210.0,1955.0,34.4982,1.6224,-2.9485,-6.2209,-12.0147,0,0.0,-9.8871,-9.5494,-26.003,-11.2821,-8.349,23.9835,-35.4477,2026-03-31,,-35.1624,34.6285,-7.3041
ASIANPAINT.NS,-2.0422,-4.6893,32.0,28.0,30.0,Consumer Durables,100.0,100.0,42,21.2176,26.5864,17.4415,12.1701,1.1046,1.7462,17.894,39.9611,0.1838,31.7223,15.7589,1.6388,49.6702,11.0741,32.3015,28.44458832969406,1.0248,2366701082304.8037,2468.800048828125,26.3999,2.0417,-5.6732,-7.7271,-4.9321,0,41.0175,-9.0715,10.6093,-2.6997,-10.4665,12.8663,18.1026,-27.4831,2026-03-31,,-21.7305,-43.5971,-24.8142
NTPC.NS,-3.3099,-1.2803,16.0,42.0,29.0,Power,100.0,100.0,43,13.9717,9.3083,21.468,14.7012,1.8681,16.9498,1.8206,-11.6955,1.3338,3.1934,3.7236,1.8816,11.336,1.6017,9.6922,0.6687977011906502,2.6917,3254201213754.1533,335.6000061035156,48.2713,1.6761,0.2689,-1.9126,-6.3225,1,18.6478,-4.5642,-11.661,3.5483,-6.247,-8.0949,16.2755,-24.278,2026-03-31,,-15.8113,-21.4536,-1.2341
ULTRACEMCO.NS,-2.9702,-2.4346,22.0,34.0,28.0,Construction Materials,100.0,100.0,44,11.0848,12.2832,14.5774,9.3446,11.9163,17.2645,6.8719,4.7235,0.31,7.0336,6.4521,1.8756,33.921,4.2204,19.9498,1.96478175249133,0.703,3233806797555.0,10993.0,31.1823,1.6804,-4.1043,-5.9166,-6.4934,0,23.4572,1.1688,-4.0918,-12.5597,-0.1235,-4.5638,18.5441,-15.7754,2026-03-31,,-0.378,32.1439,6.4623
WIPRO.NS,1.1254,-10.7854,48.0,6.0,27.0,Information Technology,100.0,100.0,45,15.4024,19.0943,19.5771,14.2484,0.7809,5.1552,10.5898,0.6486,0.2292,22.9272,14.4361,1.1314,13.3312,1.9904,8.8368,2.585963939759982,6.5374,1762253309107.2563,168.2100067138672,31.9385,2.246,-5.8285,-6.0839,-18.9931,0,0.0,-5.9912,-16.8224,-32.4864,-6.7929,-10.1865,20.5758,-47.4508,2026-03-31,,-15.7853,-55.9343,-20.567
SBILIFE.NS,-2.4554,-5.7873,30.0,24.0,27.0,Financial Services,72.0,100.0,46,13.6967,,2.3069,2.236,11.065,12.8129,100.9783,-10.8886,,,31.081,,62.6849,8.8699,,4.892312092093217,0.16,1692918523632.5925,1687.699951171875,32.9616,2.0424,-3.9879,-6.8102,-11.2519,0,0.0,-2.3717,-12.9423,-6.5349,-3.4551,-9.3483,20.0469,-19.9991,2026-03-31,,146.5006,253.3465,
TMPV.NS,1.1304,-14.9579,50.0,2.0,26.0,Automobile,100.0,100.0,47,72.2048,0.5575,0.3611,24.7133,-0.9314,224.3608,8.8202,-80.2497,0.7263,0.4259,-6.9713,0.1583,1.4062,0.9943,7.9202,0.006267507326611393,1.977,1114287473039.249,302.6000061035156,29.2046,2.212,-4.6156,-8.199,-13.3556,0,1.5132,-20.5774,-9.7659,-57.7109,-21.1284,-9.9992,27.4115,-73.9553,2026-03-31,,-93.9821,-77.6141,-42.8105
DRREDDY.NS,-4.9569,-7.245,12.0,20.0,16.0,Healthcare,100.0,100.0,48,12.0628,15.8857,17.4306,12.7555,10.9627,-1.6674,-5.5552,-68.7191,0.2051,15.6648,5.4564,1.3245,28.7044,2.5208,12.7904,,0.7006,950517227392.5,1141.5,37.3066,1.6855,-2.6298,-4.8503,-8.92,0,2.4573,-10.2383,-13.8816,-11.6007,-12.1693,-8.7197,21.9758,-19.1853,2026-03-31,,-21.8199,-41.4194,-38.4733
TATACONSUM.NS,-5.7256,-6.9322,10.0,22.0,16.0,FMCG,100.0,100.0,49,7.3814,8.6803,11.4514,7.6463,13.8741,8.6113,16.0474,23.8162,0.1294,16.8562,9.7829,1.5703,63.7187,4.5764,33.8776,7.399402685828055,0.8227,997082425368.7769,1007.5999755859375,33.2689,1.7716,-3.469,-6.2808,-10.5914,0,0.0,-9.0614,-6.1301,-7.0051,-10.7392,-6.0413,21.8698,-20.7238,2026-03-31,,35.1624,-34.6285,7.3041
HDFCLIFE.NS,-3.2659,-10.5796,18.0,8.0,13.0,Financial Services,72.0,100.0,50,11.2807,,2.3917,2.0875,9.2531,11.8052,39.656,28.5741,,,24.3848,,53.734,6.2824,,4.551703220203853,0.4278,1115097930631.7615,516.9000244140625,34.6137,2.084,-4.4596,-6.0508,-19.022,0,0.0,-5.9412,-20.2192,-32.0851,-7.3362,-19.5082,23.351,-36.5222,2026-03-31,,111.3022,150.2681,
