ticker,side,target_weight,price,lot,unit_value,target_units,units,realised_value,realised_weight,weight_error_pp,note,beta,sector,position_value_INR,pct_of_adv
KOTAKBANK.NS,long,0.078053,414.850006,1.0,414.850006,1881.468475,1881.0,780332.861481,0.078033,-0.001943,,0.987028,Financial Services,780332.861481,0.016717
COALINDIA.NS,long,0.085755,434.0,1.0,434.0,1975.927402,1976.0,857584.0,0.085758,0.000315,,0.56085,Oil Gas & Fuels,857584.0,0.020314
ADANIPORTS.NS,long,0.054879,1754.900024,1.0,1754.900024,312.716993,313.0,549283.707642,0.054928,0.004966,,1.400881,Services,549283.707642,0.014645
ICICIBANK.NS,long,0.093464,1391.199951,1.0,1391.199951,671.822817,672.0,934886.367188,0.093489,0.002465,,0.916209,Financial Services,934886.367188,0.007723
JSWSTEEL.NS,long,0.067629,1304.5,1.0,1304.5,518.428978,518.0,675731.0,0.067573,-0.005596,,1.137798,Metals & Mining,675731.0,0.032217
TITAN.NS,long,0.079278,4991.0,1.0,4991.0,158.84175,159.0,793569.0,0.079357,0.007898,,0.916146,Consumer Durables,793569.0,0.029747
TMPV.NS,short,-0.068208,302.600006,1600.0,484160.009766,-1.408791,-1.0,-484160.009766,-0.048416,1.9792,,1.381346,Automobile,-484160.009766,0.02429
DRREDDY.NS,short,-0.12,1141.5,625.0,713437.5,-1.681997,-2.0,-1426875.0,-0.142688,-2.26875,,0.574459,Healthcare,-1426875.0,0.08865
HINDUNILVR.NS,short,-0.12,1955.0,300.0,586500.0,-2.046036,-2.0,-1173000.0,-0.1173,0.27,,0.610468,FMCG,-1173000.0,0.050689
TATACONSUM.NS,short,-0.12,1007.599976,550.0,554179.986572,-2.165361,-2.0,-1108359.973145,-0.110836,0.9164,,0.732818,FMCG,-1108359.973145,0.106466
WIPRO.NS,short,-0.112734,168.210007,3000.0,504630.020142,-2.234,-2.0,-1009260.040283,-0.100926,1.180835,,0.893347,Information Technology,-1009260.040283,0.079579
